timestamp,equity
2025-09-22T13:40:00+00:00,200.0
2025-09-22T13:45:00+00:00,200.0
2025-09-22T13:50:00+00:00,200.0
2025-09-22T14:00:00+00:00,200.0
2025-09-22T14:15:00+00:00,200.0
2025-09-22T14:30:00+00:00,200.0
2025-09-22T14:40:00+00:00,200.0
2025-09-22T14:45:00+00:00,200.0
2025-09-22T14:55:00+00:00,200.0
2025-09-22T15:10:00+00:00,200.0
2025-09-22T15:25:00+00:00,200.0
2025-09-22T15:35:00+00:00,200.0
2025-09-22T15:40:00+00:00,200.0
2025-09-22T15:50:00+00:00,200.0
2025-09-22T16:00:00+00:00,200.0
2025-09-22T16:15:00+00:00,200.0
2025-09-22T16:30:00+00:00,200.0
2025-09-22T16:40:00+00:00,200.0
2025-09-22T16:50:00+00:00,200.0
2025-09-22T17:00:00+00:00,200.0
2025-09-22T17:10:00+00:00,200.0
2025-09-22T17:20:00+00:00,200.0
2025-09-22T17:30:00+00:00,200.0
2025-09-22T17:40:00+00:00,200.0
2025-09-22T17:45:00+00:00,200.0
2025-09-22T17:55:00+00:00,200.0
2025-09-22T18:05:00+00:00,200.0
2025-09-22T18:25:00+00:00,200.0
2025-09-22T18:35:00+00:00,200.0
2025-09-22T18:45:00+00:00,200.0
2025-09-22T18:50:00+00:00,200.0
2025-09-22T19:05:00+00:00,200.0
2025-09-22T19:15:00+00:00,200.0
2025-09-22T19:20:00+00:00,200.0
2025-09-22T19:30:00+00:00,200.0
2025-09-22T19:40:00+00:00,200.0
2025-09-22T19:45:00+00:00,200.0
2025-09-22T19:55:00+00:00,200.0
2025-09-22T20:10:00+00:00,200.0
2025-09-22T20:25:00+00:00,200.0
2025-09-22T20:30:00+00:00,200.0
2025-09-22T20:40:00+00:00,200.0
2025-09-22T20:50:00+00:00,200.0
2025-09-22T21:00:00+00:00,200.0
2025-09-22T21:10:00+00:00,200.0
2025-09-22T21:20:00+00:00,200.0
2025-09-22T21:30:00+00:00,200.0
2025-09-22T21:35:00+00:00,200.0
2025-09-22T21:45:00+00:00,200.0
2025-09-22T21:50:00+00:00,200.0
2025-09-22T22:00:00+00:00,200.0
2025-09-22T22:15:00+00:00,200.0
2025-09-22T22:25:00+00:00,200.0
2025-09-22T22:35:00+00:00,200.0
2025-09-22T22:40:00+00:00,200.0
2025-09-22T22:50:00+00:00,200.0
2025-09-22T23:00:00+00:00,200.0
2025-09-22T23:15:00+00:00,200.0
2025-09-22T23:20:00+00:00,200.0
2025-09-22T23:30:00+00:00,200.0
2025-09-22T23:40:00+00:00,200.0
2025-09-22T23:45:00+00:00,200.0
2025-09-23T00:10:00+00:00,200.0
2025-09-23T00:30:00+00:00,200.0
2025-09-23T01:00:00+00:00,200.0
2025-09-23T01:40:00+00:00,200.0
2025-09-23T02:15:00+00:00,200.0
2025-09-23T02:40:00+00:00,200.0
2025-09-23T03:00:00+00:00,200.0
2025-09-23T03:15:00+00:00,200.0
2025-09-23T03:30:00+00:00,200.0
2025-09-23T03:40:00+00:00,200.0
2025-09-23T03:50:00+00:00,200.0
2025-09-23T04:05:00+00:00,200.0
2025-09-23T04:15:00+00:00,200.0
2025-09-23T04:30:00+00:00,200.0
2025-09-23T04:40:00+00:00,200.0
2025-09-23T04:45:00+00:00,200.0
2025-09-23T04:55:00+00:00,200.0
2025-09-23T05:05:00+00:00,200.0
2025-09-23T05:20:00+00:00,200.0
2025-09-23T05:30:00+00:00,200.0
2025-09-23T05:40:00+00:00,200.0
2025-09-23T05:45:00+00:00,200.0
2025-09-23T05:55:00+00:00,200.0
2025-09-23T06:10:00+00:00,200.0
2025-09-23T06:30:00+00:00,200.0
2025-09-23T06:40:00+00:00,200.0
2025-09-23T06:50:00+00:00,200.0
2025-09-23T07:00:00+00:00,200.0
2025-09-23T07:15:00+00:00,200.0
2025-09-23T07:25:00+00:00,200.0
2025-09-23T07:35:00+00:00,200.0
2025-09-23T07:40:00+00:00,200.0
2025-09-23T07:50:00+00:00,200.0
2025-09-23T08:05:00+00:00,200.0
2025-09-23T08:20:00+00:00,200.0
2025-09-23T08:35:00+00:00,200.0
2025-09-23T08:45:00+00:00,200.0
2025-09-23T08:50:00+00:00,200.0
2025-09-23T09:00:00+00:00,200.0
2025-09-23T09:15:00+00:00,200.0
2025-09-23T09:25:00+00:00,200.0
2025-09-23T09:35:00+00:00,200.0
2025-09-23T09:45:00+00:00,200.0
2025-09-23T09:50:00+00:00,200.0
2025-09-23T10:05:00+00:00,200.0
2025-09-23T10:15:00+00:00,200.0
2025-09-23T10:30:00+00:00,200.0
2025-09-23T10:40:00+00:00,200.0
2025-09-23T10:45:00+00:00,200.0
2025-09-23T10:55:00+00:00,200.0
2025-09-23T11:05:00+00:00,200.0
2025-09-23T11:15:00+00:00,200.0
2025-09-23T11:25:00+00:00,200.0
2025-09-23T11:35:00+00:00,200.0
2025-09-23T11:45:00+00:00,200.0
2025-09-23T11:50:00+00:00,200.0
2025-09-23T12:05:00+00:00,200.0
2025-09-23T12:25:00+00:00,200.0
2025-09-23T12:45:00+00:00,200.0
2025-09-23T13:05:00+00:00,200.0
2025-09-23T13:20:00+00:00,200.0
2025-09-23T13:35:00+00:00,200.0
2025-09-23T13:40:00+00:00,200.0
2025-09-23T13:50:00+00:00,200.0
2025-09-23T14:00:00+00:00,200.0
2025-09-23T14:15:00+00:00,200.0
2025-09-23T14:25:00+00:00,200.0
2025-09-23T14:40:00+00:00,200.0
2025-09-23T14:45:00+00:00,200.0
2025-09-23T14:55:00+00:00,200.0
2025-09-23T15:10:00+00:00,200.0
2025-09-23T15:20:00+00:00,200.0
2025-09-23T15:30:00+00:00,200.0
2025-09-23T15:40:00+00:00,200.0
2025-09-23T15:50:00+00:00,200.0
2025-09-23T16:00:00+00:00,200.0
2025-09-23T16:15:00+00:00,200.0
2025-09-23T16:30:00+00:00,200.0
2025-09-23T16:40:00+00:00,200.0
2025-09-23T16:50:00+00:00,200.0
2025-09-23T16:55:00+00:00,200.0
2025-09-23T17:20:00+00:00,200.0
2025-09-23T17:30:00+00:00,200.0
2025-09-23T17:35:00+00:00,200.0
2025-09-23T17:45:00+00:00,200.0
2025-09-23T17:50:00+00:00,200.0
2025-09-23T18:05:00+00:00,200.0
2025-09-23T18:20:00+00:00,200.0
2025-09-23T18:35:00+00:00,200.0
2025-09-23T18:45:00+00:00,200.0
2025-09-23T18:55:00+00:00,200.0
2025-09-23T19:05:00+00:00,200.0
2025-09-23T19:15:00+00:00,200.0
2025-09-23T19:25:00+00:00,200.0
2025-09-23T19:30:00+00:00,200.0
2025-09-23T19:40:00+00:00,200.0
2025-09-23T19:50:00+00:00,200.0
2025-09-23T20:00:00+00:00,200.0
2025-09-23T20:10:00+00:00,200.0
2025-09-23T20:25:00+00:00,200.0
2025-09-23T20:35:00+00:00,200.0
2025-09-23T20:40:00+00:00,200.0
2025-09-23T20:50:00+00:00,200.0
2025-09-23T21:00:00+00:00,200.0
2025-09-23T21:10:00+00:00,200.0
2025-09-23T21:20:00+00:00,200.0
2025-09-23T21:30:00+00:00,200.0
2025-09-23T21:40:00+00:00,200.0
2025-09-23T21:50:00+00:00,200.0
2025-09-23T22:00:00+00:00,200.0
2025-09-23T22:15:00+00:00,200.0
2025-09-23T22:25:00+00:00,200.0
2025-09-23T22:35:00+00:00,200.0
2025-09-23T22:40:00+00:00,200.0
2025-09-23T22:50:00+00:00,200.0
2025-09-23T23:00:00+00:00,200.0
2025-09-23T23:10:00+00:00,200.0
2025-09-23T23:20:00+00:00,200.0
2025-09-23T23:30:00+00:00,200.0
2025-09-23T23:40:00+00:00,200.0
2025-09-23T23:45:00+00:00,200.0
2025-09-23T23:55:00+00:00,200.0
2025-09-24T00:30:00+00:00,200.0
2025-09-24T00:55:00+00:00,200.0
2025-09-24T01:35:00+00:00,200.0
2025-09-24T02:10:00+00:00,200.0
2025-09-24T02:40:00+00:00,200.0
2025-09-24T03:00:00+00:00,200.0
2025-09-24T03:20:00+00:00,200.0
2025-09-24T03:35:00+00:00,200.0
2025-09-24T03:45:00+00:00,200.0
2025-09-24T03:50:00+00:00,200.0
2025-09-24T04:05:00+00:00,200.0
2025-09-24T04:20:00+00:00,200.0
2025-09-24T04:30:00+00:00,200.0
2025-09-24T04:40:00+00:00,200.0
2025-09-24T04:50:00+00:00,200.0
2025-09-24T05:00:00+00:00,200.0
2025-09-24T05:10:00+00:00,200.0
2025-09-24T05:25:00+00:00,200.0
2025-09-24T05:30:00+00:00,200.0
2025-09-24T05:40:00+00:00,200.0
2025-09-24T05:50:00+00:00,200.0
2025-09-24T06:00:00+00:00,200.0
2025-09-24T06:15:00+00:00,200.0
2025-09-24T06:30:00+00:00,200.0
2025-09-24T06:45:00+00:00,200.0
2025-09-24T06:50:00+00:00,200.0
2025-09-24T07:00:00+00:00,200.0
2025-09-24T07:15:00+00:00,200.0
2025-09-24T07:25:00+00:00,200.0
2025-09-24T07:35:00+00:00,200.0
2025-09-24T07:45:00+00:00,200.0
2025-09-24T07:50:00+00:00,200.0
2025-09-24T08:05:00+00:00,200.0
2025-09-24T08:20:00+00:00,200.0
2025-09-24T08:35:00+00:00,200.0
2025-09-24T08:45:00+00:00,200.0
2025-09-24T08:55:00+00:00,200.0
2025-09-24T09:05:00+00:00,200.0
2025-09-24T09:20:00+00:00,200.0
2025-09-24T09:30:00+00:00,200.0
2025-09-24T09:40:00+00:00,200.0
2025-09-24T09:45:00+00:00,200.0
2025-09-24T09:55:00+00:00,200.0
2025-09-24T10:10:00+00:00,200.0
2025-09-24T10:20:00+00:00,200.0
2025-09-24T10:35:00+00:00,200.0
2025-09-24T10:40:00+00:00,200.0
2025-09-24T10:50:00+00:00,200.0
2025-09-24T11:00:00+00:00,200.0
2025-09-24T11:10:00+00:00,200.0
2025-09-24T11:20:00+00:00,200.0
2025-09-24T11:30:00+00:00,200.0
2025-09-24T11:35:00+00:00,200.0
2025-09-24T11:45:00+00:00,200.0
2025-09-24T11:55:00+00:00,200.0
2025-09-24T12:10:00+00:00,200.0
2025-09-24T12:25:00+00:00,200.0
2025-09-24T12:50:00+00:00,200.0
2025-09-24T13:05:00+00:00,200.0
2025-09-24T13:20:00+00:00,200.0
2025-09-24T13:35:00+00:00,200.0
2025-09-24T13:45:00+00:00,200.0
2025-09-24T13:50:00+00:00,200.0
2025-09-24T14:00:00+00:00,200.0
2025-09-24T14:15:00+00:00,200.0
2025-09-24T14:25:00+00:00,200.0
2025-09-24T14:35:00+00:00,200.0
2025-09-24T14:45:00+00:00,200.0
2025-09-24T14:50:00+00:00,200.0
2025-09-24T15:05:00+00:00,200.0
2025-09-24T15:20:00+00:00,200.0
2025-09-24T15:30:00+00:00,200.0
2025-09-24T15:40:00+00:00,200.0
2025-09-24T15:45:00+00:00,200.0
2025-09-24T15:55:00+00:00,200.0
2025-09-24T16:10:00+00:00,200.0
2025-09-24T16:25:00+00:00,200.0
2025-09-24T16:40:00+00:00,200.0
2025-09-24T16:45:00+00:00,200.0
2025-09-24T16:55:00+00:00,200.0
2025-09-24T17:10:00+00:00,200.0
2025-09-24T17:20:00+00:00,200.0
2025-09-24T17:30:00+00:00,200.0
2025-09-24T17:40:00+00:00,200.0
2025-09-24T17:45:00+00:00,200.0
2025-09-24T17:55:00+00:00,200.0
2025-09-24T18:10:00+00:00,200.0
2025-09-24T18:25:00+00:00,200.0
2025-09-24T18:40:00+00:00,200.0
2025-09-24T18:45:00+00:00,200.0
2025-09-24T18:55:00+00:00,200.0
2025-09-24T19:10:00+00:00,200.0
2025-09-24T19:20:00+00:00,200.0
2025-09-24T19:25:00+00:00,200.0
2025-09-24T19:35:00+00:00,200.0
2025-09-24T19:45:00+00:00,200.0
2025-09-24T19:50:00+00:00,200.0
2025-09-24T20:00:00+00:00,200.0
2025-09-24T20:15:00+00:00,200.0
2025-09-24T20:25:00+00:00,200.0
2025-09-24T20:35:00+00:00,200.0
2025-09-24T20:45:00+00:00,200.0
2025-09-24T20:50:00+00:00,200.0
2025-09-24T21:00:00+00:00,200.0
2025-09-24T21:15:00+00:00,200.0
2025-09-24T21:25:00+00:00,200.0
2025-09-24T21:30:00+00:00,200.0
2025-09-24T21:40:00+00:00,200.0
2025-09-24T21:45:00+00:00,200.0
2025-09-24T21:55:00+00:00,200.0
2025-09-24T22:10:00+00:00,200.0
2025-09-24T22:20:00+00:00,200.0
2025-09-24T22:30:00+00:00,200.0
2025-09-24T22:40:00+00:00,200.0
2025-09-24T22:45:00+00:00,200.0
2025-09-24T22:55:00+00:00,200.0
2025-09-24T23:05:00+00:00,200.0
2025-09-24T23:15:00+00:00,200.0
2025-09-24T23:25:00+00:00,200.0
2025-09-24T23:35:00+00:00,200.0
2025-09-24T23:40:00+00:00,200.0
2025-09-24T23:50:00+00:00,200.0
2025-09-25T00:25:00+00:00,200.0
2025-09-25T00:55:00+00:00,200.0
2025-09-25T01:35:00+00:00,200.0
2025-09-25T02:10:00+00:00,200.0
2025-09-25T02:40:00+00:00,200.0
2025-09-25T03:05:00+00:00,200.0
2025-09-25T03:20:00+00:00,200.0
2025-09-25T03:35:00+00:00,200.0
2025-09-25T03:45:00+00:00,200.0
2025-09-25T03:55:00+00:00,200.0
2025-09-25T04:05:00+00:00,200.0
2025-09-25T04:20:00+00:00,200.0
2025-09-25T04:30:00+00:00,200.0
2025-09-25T04:40:00+00:00,200.0
2025-09-25T04:50:00+00:00,200.0
2025-09-25T05:00:00+00:00,200.0
2025-09-25T05:15:00+00:00,200.0
2025-09-25T05:25:00+00:00,200.0
2025-09-25T05:35:00+00:00,200.0
2025-09-25T05:45:00+00:00,200.0
2025-09-25T05:50:00+00:00,200.0
2025-09-25T06:05:00+00:00,200.0
2025-09-25T06:20:00+00:00,200.0
2025-09-25T06:35:00+00:00,200.0
2025-09-25T06:45:00+00:00,200.0
2025-09-25T06:55:00+00:00,200.0
2025-09-25T07:10:00+00:00,200.0
2025-09-25T07:20:00+00:00,200.0
2025-09-25T07:30:00+00:00,200.0
2025-09-25T07:40:00+00:00,200.0
2025-09-25T07:45:00+00:00,200.0
2025-09-25T08:00:00+00:00,200.0
2025-09-25T08:10:00+00:00,200.0
2025-09-25T08:30:00+00:00,200.0
2025-09-25T08:40:00+00:00,200.0
2025-09-25T08:50:00+00:00,200.0
2025-09-25T09:00:00+00:00,200.0
2025-09-25T09:15:00+00:00,200.0
2025-09-25T09:25:00+00:00,200.0
2025-09-25T09:35:00+00:00,200.0
2025-09-25T09:45:00+00:00,200.0
2025-09-25T09:50:00+00:00,200.0
2025-09-25T10:05:00+00:00,200.0
2025-09-25T10:15:00+00:00,200.0
2025-09-25T10:30:00+00:00,200.0
2025-09-25T10:40:00+00:00,200.0
2025-09-25T10:45:00+00:00,200.0
2025-09-25T10:55:00+00:00,200.0
2025-09-25T11:05:00+00:00,200.0
2025-09-25T11:20:00+00:00,200.0
2025-09-25T11:25:00+00:00,200.0
2025-09-25T11:35:00+00:00,200.0
2025-09-25T11:45:00+00:00,200.0
2025-09-25T11:50:00+00:00,200.0
2025-09-25T12:10:00+00:00,200.0
2025-09-25T12:25:00+00:00,200.0
2025-09-25T12:50:00+00:00,200.0
2025-09-25T13:05:00+00:00,200.0
2025-09-25T13:25:00+00:00,200.0
2025-09-25T13:35:00+00:00,200.0
2025-09-25T13:45:00+00:00,200.0
2025-09-25T13:50:00+00:00,200.0
2025-09-25T14:05:00+00:00,200.0
2025-09-25T14:15:00+00:00,200.0
2025-09-25T14:30:00+00:00,200.0
2025-09-25T14:40:00+00:00,200.0
2025-09-25T14:50:00+00:00,200.0
2025-09-25T15:00:00+00:00,200.0
2025-09-25T15:10:00+00:00,200.0
2025-09-25T15:25:00+00:00,200.0
2025-09-25T15:35:00+00:00,200.0
2025-09-25T15:45:00+00:00,200.0
2025-09-25T15:50:00+00:00,200.0
2025-09-25T16:05:00+00:00,200.0
2025-09-25T16:15:00+00:00,200.0
2025-09-25T16:30:00+00:00,200.0
2025-09-25T16:40:00+00:00,200.0
2025-09-25T16:50:00+00:00,200.0
2025-09-25T17:00:00+00:00,200.0
2025-09-25T17:15:00+00:00,200.0
2025-09-25T17:25:00+00:00,200.0
2025-09-25T17:35:00+00:00,200.0
2025-09-25T17:40:00+00:00,200.0
2025-09-25T17:50:00+00:00,200.0
2025-09-25T18:05:00+00:00,200.0
2025-09-25T18:15:00+00:00,200.0
2025-09-25T18:35:00+00:00,200.0
2025-09-25T18:45:00+00:00,200.0
2025-09-25T18:50:00+00:00,200.0
2025-09-25T19:05:00+00:00,200.0
2025-09-25T19:15:00+00:00,200.0
2025-09-25T19:20:00+00:00,200.0
2025-09-25T19:30:00+00:00,200.0
2025-09-25T19:40:00+00:00,200.0
2025-09-25T19:45:00+00:00,200.0
2025-09-25T19:55:00+00:00,200.0
2025-09-25T20:10:00+00:00,200.0
2025-09-25T20:20:00+00:00,200.0
2025-09-25T20:30:00+00:00,200.0
2025-09-25T20:40:00+00:00,200.0
2025-09-25T20:45:00+00:00,200.0
2025-09-25T20:55:00+00:00,200.0
2025-09-25T21:10:00+00:00,200.0
2025-09-25T21:20:00+00:00,200.0
2025-09-25T21:25:00+00:00,200.0
2025-09-25T21:35:00+00:00,200.0
2025-09-25T21:40:00+00:00,200.0
2025-09-25T21:50:00+00:00,200.0
2025-09-25T22:00:00+00:00,200.0
2025-09-25T22:15:00+00:00,200.0
2025-09-25T22:25:00+00:00,200.0
2025-09-25T22:35:00+00:00,200.0
2025-09-25T22:40:00+00:00,200.0
2025-09-25T22:50:00+00:00,200.0
2025-09-25T23:00:00+00:00,200.0
2025-09-25T23:10:00+00:00,200.0
2025-09-25T23:20:00+00:00,200.0
2025-09-25T23:30:00+00:00,200.0
2025-09-25T23:40:00+00:00,200.0
2025-09-25T23:45:00+00:00,200.0
2025-09-26T00:05:00+00:00,200.0
2025-09-26T00:30:00+00:00,200.0
2025-09-26T01:00:00+00:00,200.0
2025-09-26T01:40:00+00:00,200.0
2025-09-26T02:15:00+00:00,200.0
2025-09-26T02:40:00+00:00,200.0
2025-09-26T03:05:00+00:00,200.0
2025-09-26T03:20:00+00:00,200.0
2025-09-26T03:35:00+00:00,200.0
2025-09-26T03:45:00+00:00,200.0
2025-09-26T03:50:00+00:00,200.0
2025-09-26T04:05:00+00:00,200.0
2025-09-26T04:15:00+00:00,200.0
2025-09-26T04:30:00+00:00,200.0
2025-09-26T04:40:00+00:00,200.0
2025-09-26T04:45:00+00:00,200.0
2025-09-26T04:55:00+00:00,200.0
2025-09-26T05:10:00+00:00,200.0
2025-09-26T05:20:00+00:00,200.0
2025-09-26T05:30:00+00:00,200.0
2025-09-26T05:40:00+00:00,200.0
2025-09-26T05:45:00+00:00,200.0
2025-09-26T06:00:00+00:00,200.0
2025-09-26T06:10:00+00:00,200.0
2025-09-26T06:30:00+00:00,200.0
2025-09-26T06:40:00+00:00,200.0
2025-09-26T06:50:00+00:00,200.0
2025-09-26T07:00:00+00:00,200.0
2025-09-26T07:15:00+00:00,200.0
2025-09-26T07:25:00+00:00,200.0
2025-09-26T07:35:00+00:00,200.0
2025-09-26T07:40:00+00:00,200.0
2025-09-26T07:50:00+00:00,200.0
2025-09-26T08:05:00+00:00,200.0
2025-09-26T08:20:00+00:00,200.0
2025-09-26T08:35:00+00:00,200.0
2025-09-26T08:45:00+00:00,200.0
2025-09-26T08:50:00+00:00,200.0
2025-09-26T09:05:00+00:00,200.0
2025-09-26T09:15:00+00:00,200.0
2025-09-26T09:25:00+00:00,200.0
2025-09-26T09:35:00+00:00,200.0
2025-09-26T09:45:00+00:00,200.0
2025-09-26T09:50:00+00:00,200.0
2025-09-26T10:05:00+00:00,200.0
2025-09-26T10:15:00+00:00,200.0
2025-09-26T10:30:00+00:00,200.0
2025-09-26T10:40:00+00:00,200.0
2025-09-26T10:45:00+00:00,200.0
2025-09-26T10:55:00+00:00,200.0
2025-09-26T11:05:00+00:00,200.0
2025-09-26T11:15:00+00:00,200.0
2025-09-26T11:25:00+00:00,200.0
2025-09-26T11:30:00+00:00,200.0
2025-09-26T11:40:00+00:00,200.0
2025-09-26T11:50:00+00:00,200.0
2025-09-26T12:00:00+00:00,200.0
2025-09-26T12:15:00+00:00,200.0
2025-09-26T12:35:00+00:00,200.0
2025-09-26T12:55:00+00:00,200.0
2025-09-26T13:10:00+00:00,200.0
2025-09-26T13:25:00+00:00,200.0
2025-09-26T13:35:00+00:00,200.0
2025-09-26T13:45:00+00:00,200.0
2025-09-26T13:55:00+00:00,200.0
2025-09-26T14:05:00+00:00,200.0
2025-09-26T14:15:00+00:00,200.0
2025-09-26T14:25:00+00:00,200.0
2025-09-26T14:35:00+00:00,200.0
2025-09-26T14:45:00+00:00,200.0
2025-09-26T14:50:00+00:00,200.0
2025-09-26T15:05:00+00:00,200.0
2025-09-26T15:15:00+00:00,200.0
2025-09-26T15:25:00+00:00,200.0
2025-09-26T15:35:00+00:00,200.0
2025-09-26T15:45:00+00:00,200.0
2025-09-26T15:50:00+00:00,200.0
2025-09-26T16:05:00+00:00,200.0
2025-09-26T16:15:00+00:00,200.0
2025-09-26T16:30:00+00:00,200.0
2025-09-26T16:40:00+00:00,200.0
2025-09-26T16:50:00+00:00,200.0
2025-09-26T17:00:00+00:00,200.0
2025-09-26T17:10:00+00:00,200.0
2025-09-26T17:20:00+00:00,200.0
2025-09-26T17:30:00+00:00,200.0
2025-09-26T17:40:00+00:00,200.0
2025-09-26T17:50:00+00:00,200.0
2025-09-26T18:00:00+00:00,200.0
2025-09-26T18:10:00+00:00,200.0
2025-09-26T18:30:00+00:00,200.0
2025-09-26T18:40:00+00:00,200.0
2025-09-26T18:45:00+00:00,200.0
2025-09-26T18:55:00+00:00,200.0
2025-09-26T19:10:00+00:00,200.0
2025-09-26T19:15:00+00:00,200.0
2025-09-26T19:25:00+00:00,200.0
2025-09-26T19:35:00+00:00,200.0
2025-09-26T19:40:00+00:00,200.0
2025-09-26T19:50:00+00:00,200.0
2025-09-26T20:00:00+00:00,200.0
2025-09-26T20:15:00+00:00,200.0
2025-09-26T20:25:00+00:00,200.0
2025-09-26T20:35:00+00:00,200.0
2025-09-26T20:45:00+00:00,200.0
2025-09-26T20:50:00+00:00,200.0
2025-09-26T21:00:00+00:00,200.0
2025-09-26T21:15:00+00:00,200.0
2025-09-26T21:20:00+00:00,200.0
2025-09-26T21:30:00+00:00,200.0
2025-09-26T21:40:00+00:00,200.0
2025-09-26T21:45:00+00:00,200.0
2025-09-26T21:55:00+00:00,200.0
2025-09-26T22:05:00+00:00,200.0
2025-09-26T22:20:00+00:00,200.0
2025-09-26T22:30:00+00:00,200.0
2025-09-26T22:35:00+00:00,200.0
2025-09-26T22:45:00+00:00,200.0
2025-09-26T22:50:00+00:00,200.0
2025-09-26T23:00:00+00:00,200.0
2025-09-26T23:15:00+00:00,200.0
2025-09-26T23:20:00+00:00,200.0
2025-09-26T23:30:00+00:00,200.0
2025-09-26T23:40:00+00:00,200.0
2025-09-26T23:45:00+00:00,200.0
2025-09-26T23:55:00+00:00,200.0
2025-09-27T00:25:00+00:00,200.0
2025-09-27T00:55:00+00:00,200.0
2025-09-27T01:35:00+00:00,200.0
2025-09-27T02:05:00+00:00,200.0
2025-09-27T02:35:00+00:00,200.0
2025-09-27T02:55:00+00:00,200.0
2025-09-27T03:10:00+00:00,200.0
2025-09-27T03:25:00+00:00,200.0
2025-09-27T03:35:00+00:00,200.0
2025-09-27T03:45:00+00:00,200.0
2025-09-27T03:55:00+00:00,200.0
2025-09-27T04:05:00+00:00,200.0
2025-09-27T04:20:00+00:00,200.0
2025-09-27T04:30:00+00:00,200.0
2025-09-27T04:40:00+00:00,200.0
2025-09-27T04:45:00+00:00,200.0
2025-09-27T04:55:00+00:00,200.0
2025-09-27T05:10:00+00:00,200.0
2025-09-27T05:20:00+00:00,200.0
2025-09-27T05:30:00+00:00,200.0
2025-09-27T05:35:00+00:00,200.0
2025-09-27T05:45:00+00:00,200.0
2025-09-27T05:55:00+00:00,200.0
2025-09-27T06:05:00+00:00,200.0
2025-09-27T06:20:00+00:00,200.0
2025-09-27T06:30:00+00:00,200.0
2025-09-27T06:40:00+00:00,200.0
2025-09-27T06:50:00+00:00,200.0
2025-09-27T07:00:00+00:00,200.0
2025-09-27T07:10:00+00:00,200.0
2025-09-27T07:20:00+00:00,200.0
2025-09-27T07:25:00+00:00,200.0
2025-09-27T07:35:00+00:00,200.0
2025-09-27T07:40:00+00:00,200.0
2025-09-27T07:50:00+00:00,200.0
2025-09-27T08:00:00+00:00,200.0
2025-09-27T08:15:00+00:00,200.0
2025-09-27T08:25:00+00:00,200.0
2025-09-27T08:35:00+00:00,200.0
2025-09-27T08:45:00+00:00,200.0
2025-09-27T08:50:00+00:00,200.0
2025-09-27T09:05:00+00:00,200.0
2025-09-27T09:15:00+00:00,200.0
2025-09-27T09:25:00+00:00,200.0
2025-09-27T09:30:00+00:00,200.0
2025-09-27T09:40:00+00:00,200.0
2025-09-27T09:50:00+00:00,200.0
2025-09-27T10:00:00+00:00,200.0
2025-09-27T10:10:00+00:00,200.0
2025-09-27T10:20:00+00:00,200.0
2025-09-27T10:30:00+00:00,200.0
2025-09-27T10:40:00+00:00,200.0
2025-09-27T10:45:00+00:00,200.0
2025-09-27T10:55:00+00:00,200.0
2025-09-27T11:05:00+00:00,200.0
2025-09-27T11:15:00+00:00,200.0
2025-09-27T11:25:00+00:00,200.0
2025-09-27T11:30:00+00:00,200.0
2025-09-27T11:40:00+00:00,200.0
2025-09-27T11:50:00+00:00,200.0
2025-09-27T12:05:00+00:00,200.0
2025-09-27T12:20:00+00:00,200.0
2025-09-27T12:40:00+00:00,200.0
2025-09-27T12:55:00+00:00,200.0
2025-09-27T13:05:00+00:00,200.0
2025-09-27T13:20:00+00:00,200.0
2025-09-27T13:30:00+00:00,200.0
2025-09-27T13:35:00+00:00,200.0
2025-09-27T13:45:00+00:00,200.0
2025-09-27T13:50:00+00:00,200.0
2025-09-27T14:05:00+00:00,200.0
2025-09-27T14:15:00+00:00,200.0
2025-09-27T14:25:00+00:00,200.0
2025-09-27T14:35:00+00:00,200.0
2025-09-27T14:40:00+00:00,200.0
2025-09-27T14:50:00+00:00,200.0
2025-09-27T15:00:00+00:00,200.0
2025-09-27T15:10:00+00:00,200.0
2025-09-27T15:20:00+00:00,200.0
2025-09-27T15:30:00+00:00,200.0
2025-09-27T15:35:00+00:00,200.0
2025-09-27T15:45:00+00:00,200.0
2025-09-27T15:55:00+00:00,200.0
2025-09-27T16:05:00+00:00,200.0
2025-09-27T16:20:00+00:00,200.0
2025-09-27T16:30:00+00:00,200.0
2025-09-27T16:40:00+00:00,200.0
2025-09-27T16:45:00+00:00,200.0
2025-09-27T16:55:00+00:00,200.0
2025-09-27T17:10:00+00:00,200.0
2025-09-27T17:20:00+00:00,200.0
2025-09-27T17:25:00+00:00,200.0
2025-09-27T17:35:00+00:00,200.0
2025-09-27T17:45:00+00:00,200.0
2025-09-27T17:50:00+00:00,200.0
2025-09-27T18:00:00+00:00,200.0
2025-09-27T18:15:00+00:00,200.0
2025-09-27T18:30:00+00:00,200.0
2025-09-27T18:40:00+00:00,200.0
2025-09-27T18:45:00+00:00,200.0
2025-09-27T18:55:00+00:00,200.0
2025-09-27T19:05:00+00:00,200.0
2025-09-27T19:15:00+00:00,200.0
2025-09-27T19:25:00+00:00,200.0
2025-09-27T19:30:00+00:00,200.0
2025-09-27T19:40:00+00:00,200.0
2025-09-27T19:45:00+00:00,200.0
2025-09-27T19:55:00+00:00,200.0
2025-09-27T20:10:00+00:00,200.0
2025-09-27T20:20:00+00:00,200.0
2025-09-27T20:30:00+00:00,200.0
2025-09-27T20:35:00+00:00,200.0
2025-09-27T20:45:00+00:00,200.0
2025-09-27T20:50:00+00:00,200.0
2025-09-27T21:05:00+00:00,200.0
2025-09-27T21:15:00+00:00,200.0
2025-09-27T21:20:00+00:00,200.0
2025-09-27T21:30:00+00:00,200.0
2025-09-27T21:40:00+00:00,200.0
2025-09-27T21:45:00+00:00,200.0
2025-09-27T21:55:00+00:00,200.0
2025-09-27T22:05:00+00:00,200.0
2025-09-27T22:20:00+00:00,200.0
2025-09-27T22:30:00+00:00,200.0
2025-09-27T22:35:00+00:00,200.0
2025-09-27T22:45:00+00:00,200.0
2025-09-27T22:50:00+00:00,200.0
2025-09-27T23:05:00+00:00,200.0
2025-09-27T23:15:00+00:00,200.0
2025-09-27T23:20:00+00:00,200.0
2025-09-27T23:30:00+00:00,200.0
2025-09-27T23:40:00+00:00,200.0
2025-09-27T23:45:00+00:00,200.0
2025-09-28T00:10:00+00:00,200.0
2025-09-28T00:35:00+00:00,200.0
2025-09-28T01:05:00+00:00,200.0
2025-09-28T01:50:00+00:00,200.0
2025-09-28T02:30:00+00:00,200.0
2025-09-28T03:00:00+00:00,200.0
2025-09-28T03:20:00+00:00,200.0
2025-09-28T03:40:00+00:00,200.0
2025-09-28T03:50:00+00:00,200.0
2025-09-28T04:00:00+00:00,200.0
2025-09-28T04:15:00+00:00,200.0
2025-09-28T04:25:00+00:00,200.0
2025-09-28T04:35:00+00:00,200.0
2025-09-28T04:40:00+00:00,200.0
2025-09-28T04:50:00+00:00,200.0
2025-09-28T05:00:00+00:00,200.0
2025-09-28T05:15:00+00:00,200.0
2025-09-28T05:25:00+00:00,200.0
2025-09-28T05:35:00+00:00,200.0
2025-09-28T05:40:00+00:00,200.0
2025-09-28T05:50:00+00:00,200.0
2025-09-28T06:00:00+00:00,200.0
2025-09-28T06:15:00+00:00,200.0
2025-09-28T06:30:00+00:00,200.0
2025-09-28T06:40:00+00:00,200.0
2025-09-28T06:50:00+00:00,200.0
2025-09-28T07:00:00+00:00,200.0
2025-09-28T07:10:00+00:00,200.0
2025-09-28T07:20:00+00:00,200.0
2025-09-28T07:30:00+00:00,200.0
2025-09-28T07:35:00+00:00,200.0
2025-09-28T07:45:00+00:00,200.0
2025-09-28T07:50:00+00:00,200.0
2025-09-28T08:05:00+00:00,200.0
2025-09-28T08:20:00+00:00,200.0
2025-09-28T08:30:00+00:00,200.0
2025-09-28T08:40:00+00:00,200.0
2025-09-28T08:45:00+00:00,200.0
2025-09-28T08:55:00+00:00,200.0
2025-09-28T09:05:00+00:00,200.0
2025-09-28T09:15:00+00:00,200.0
2025-09-28T09:25:00+00:00,200.0
2025-09-28T09:35:00+00:00,200.0
2025-09-28T09:40:00+00:00,200.0
2025-09-28T09:50:00+00:00,200.0
2025-09-28T10:00:00+00:00,200.0
2025-09-28T10:15:00+00:00,200.0
2025-09-28T10:25:00+00:00,200.0
2025-09-28T10:35:00+00:00,200.0
2025-09-28T10:40:00+00:00,200.0
2025-09-28T10:50:00+00:00,200.0
2025-09-28T11:00:00+00:00,200.0
2025-09-28T11:10:00+00:00,200.0
2025-09-28T11:20:00+00:00,200.0
2025-09-28T11:25:00+00:00,200.0
2025-09-28T11:35:00+00:00,200.0
2025-09-28T11:45:00+00:00,200.0
2025-09-28T11:50:00+00:00,200.0
2025-09-28T12:05:00+00:00,200.0
2025-09-28T12:20:00+00:00,200.0
2025-09-28T12:40:00+00:00,200.0
2025-09-28T12:55:00+00:00,200.0
2025-09-28T13:10:00+00:00,200.0
2025-09-28T13:20:00+00:00,200.0
2025-09-28T13:30:00+00:00,200.0
2025-09-28T13:40:00+00:00,200.0
2025-09-28T13:45:00+00:00,200.0
2025-09-28T13:55:00+00:00,200.0
2025-09-28T14:05:00+00:00,200.0
2025-09-28T14:15:00+00:00,200.0
2025-09-28T14:25:00+00:00,200.0
2025-09-28T14:35:00+00:00,200.0
2025-09-28T14:40:00+00:00,200.0
2025-09-28T14:50:00+00:00,200.0
2025-09-28T15:00:00+00:00,200.0
2025-09-28T15:10:00+00:00,200.0
2025-09-28T15:20:00+00:00,200.0
2025-09-28T15:30:00+00:00,200.0
2025-09-28T15:40:00+00:00,200.0
2025-09-28T15:45:00+00:00,200.0
2025-09-28T15:55:00+00:00,200.0
2025-09-28T16:05:00+00:00,200.0
2025-09-28T16:20:00+00:00,200.0
2025-09-28T16:30:00+00:00,200.0
2025-09-28T16:40:00+00:00,200.0
2025-09-28T16:45:00+00:00,200.0
2025-09-28T16:55:00+00:00,200.0
2025-09-28T17:05:00+00:00,200.0
2025-09-28T17:15:00+00:00,200.0
2025-09-28T17:25:00+00:00,200.0
2025-09-28T17:30:00+00:00,200.0
2025-09-28T17:40:00+00:00,200.0
2025-09-28T17:50:00+00:00,200.0
2025-09-28T18:00:00+00:00,200.0
2025-09-28T18:15:00+00:00,200.0
2025-09-28T18:25:00+00:00,200.0
2025-09-28T18:35:00+00:00,200.0
2025-09-28T18:45:00+00:00,200.0
2025-09-28T18:55:00+00:00,200.0
2025-09-28T19:05:00+00:00,200.0
2025-09-28T19:15:00+00:00,200.0
2025-09-28T19:20:00+00:00,200.0
2025-09-28T19:30:00+00:00,200.0
2025-09-28T19:35:00+00:00,200.0
2025-09-28T19:45:00+00:00,200.0
2025-09-28T19:50:00+00:00,200.0
2025-09-28T20:00:00+00:00,200.0
2025-09-28T20:15:00+00:00,200.0
2025-09-28T20:25:00+00:00,200.0
2025-09-28T20:35:00+00:00,200.0
2025-09-28T20:40:00+00:00,200.0
2025-09-28T20:50:00+00:00,200.0
2025-09-28T21:00:00+00:00,200.0
2025-09-28T21:10:00+00:00,200.0
2025-09-28T21:20:00+00:00,200.0
2025-09-28T21:30:00+00:00,200.0
2025-09-28T21:35:00+00:00,200.0
2025-09-28T21:45:00+00:00,200.0
2025-09-28T21:55:00+00:00,200.0
2025-09-28T22:05:00+00:00,200.0
2025-09-28T22:15:00+00:00,200.0
2025-09-28T22:25:00+00:00,200.0
2025-09-28T22:35:00+00:00,200.0
2025-09-28T22:45:00+00:00,200.0
2025-09-28T22:50:00+00:00,200.0
2025-09-28T23:00:00+00:00,200.0
2025-09-28T23:15:00+00:00,200.0
2025-09-28T23:25:00+00:00,200.0
2025-09-28T23:30:00+00:00,200.0
2025-09-28T23:40:00+00:00,200.0
2025-09-28T23:50:00+00:00,200.0
2025-09-29T00:10:00+00:00,200.0
2025-09-29T00:35:00+00:00,200.0
2025-09-29T01:05:00+00:00,200.0
2025-09-29T01:50:00+00:00,200.0
2025-09-29T02:25:00+00:00,200.0
2025-09-29T02:55:00+00:00,200.0
2025-09-29T03:20:00+00:00,200.0
2025-09-29T03:35:00+00:00,200.0
2025-09-29T03:45:00+00:00,200.0
2025-09-29T03:55:00+00:00,200.0
2025-09-29T04:10:00+00:00,200.0
2025-09-29T04:25:00+00:00,200.0
2025-09-29T04:35:00+00:00,200.0
2025-09-29T04:45:00+00:00,200.0
2025-09-29T04:50:00+00:00,200.0
2025-09-29T05:00:00+00:00,200.0
2025-09-29T05:15:00+00:00,200.0
2025-09-29T05:25:00+00:00,200.0
2025-09-29T05:35:00+00:00,200.0
2025-09-29T05:45:00+00:00,200.0
2025-09-29T05:55:00+00:00,200.0
2025-09-29T06:05:00+00:00,200.0
2025-09-29T06:25:00+00:00,200.0
2025-09-29T06:40:00+00:00,200.0
2025-09-29T06:50:00+00:00,200.0
2025-09-29T07:00:00+00:00,200.0
2025-09-29T07:15:00+00:00,200.0
2025-09-29T07:25:00+00:00,200.0
2025-09-29T07:35:00+00:00,200.0
2025-09-29T07:45:00+00:00,200.0
2025-09-29T07:50:00+00:00,200.0
2025-09-29T08:05:00+00:00,200.0
2025-09-29T08:20:00+00:00,200.0
2025-09-29T08:35:00+00:00,200.0
2025-09-29T08:45:00+00:00,200.0
2025-09-29T08:55:00+00:00,200.0
2025-09-29T09:10:00+00:00,200.0
2025-09-29T09:25:00+00:00,200.0
2025-09-29T09:35:00+00:00,200.0
2025-09-29T09:40:00+00:00,200.0
2025-09-29T09:50:00+00:00,200.0
2025-09-29T10:05:00+00:00,200.0
2025-09-29T10:15:00+00:00,200.0
2025-09-29T10:30:00+00:00,200.0
2025-09-29T10:40:00+00:00,200.0
2025-09-29T10:50:00+00:00,200.0
2025-09-29T10:55:00+00:00,200.0
2025-09-29T11:10:00+00:00,200.0
2025-09-29T11:20:00+00:00,200.0
2025-09-29T11:30:00+00:00,200.0
2025-09-29T11:35:00+00:00,200.0
2025-09-29T11:45:00+00:00,200.0
2025-09-29T11:55:00+00:00,200.0
2025-09-29T12:10:00+00:00,200.0
2025-09-29T12:25:00+00:00,200.0
2025-09-29T12:50:00+00:00,200.0
2025-09-29T13:10:00+00:00,200.0
2025-09-29T13:25:00+00:00,200.0
2025-09-29T13:40:00+00:00,200.0
2025-09-29T13:45:00+00:00,200.0
2025-09-29T13:55:00+00:00,200.0
2025-09-29T14:10:00+00:00,200.0
2025-09-29T14:25:00+00:00,200.0
2025-09-29T14:35:00+00:00,200.0
2025-09-29T14:45:00+00:00,200.5754574072193
2025-09-29T14:50:00+00:00,200.5754574072193
2025-09-29T15:00:00+00:00,200.5754574072193
2025-09-29T15:15:00+00:00,200.5754574072193
2025-09-29T15:25:00+00:00,200.27079341665376
2025-09-29T15:35:00+00:00,200.27079341665376
2025-09-29T15:45:00+00:00,200.27079341665376
2025-09-29T15:50:00+00:00,200.27079341665376
2025-09-29T16:05:00+00:00,200.27079341665376
2025-09-29T16:15:00+00:00,200.27079341665376
2025-09-29T16:25:00+00:00,200.27079341665376
2025-09-29T16:35:00+00:00,200.27079341665376
2025-09-29T16:45:00+00:00,200.27079341665376
2025-09-29T16:50:00+00:00,200.27079341665376
2025-09-29T17:05:00+00:00,200.27079341665376
2025-09-29T17:15:00+00:00,200.27079341665376
2025-09-29T17:25:00+00:00,200.27079341665376
2025-09-29T17:35:00+00:00,200.27079341665376
2025-09-29T17:40:00+00:00,200.27079341665376
2025-09-29T17:50:00+00:00,200.27079341665376
2025-09-29T18:00:00+00:00,200.27079341665376
2025-09-29T18:15:00+00:00,200.27079341665376
2025-09-29T18:35:00+00:00,200.27079341665376
2025-09-29T18:45:00+00:00,200.27079341665376
2025-09-29T18:50:00+00:00,200.27079341665376
2025-09-29T19:00:00+00:00,200.27079341665376
2025-09-29T19:15:00+00:00,200.27079341665376
2025-09-29T19:20:00+00:00,200.27079341665376
2025-09-29T19:30:00+00:00,200.27079341665376
2025-09-29T19:40:00+00:00,200.27079341665376
2025-09-29T19:45:00+00:00,200.27079341665376
2025-09-29T19:55:00+00:00,200.27079341665376
2025-09-29T20:05:00+00:00,200.27079341665376
2025-09-29T20:20:00+00:00,200.27079341665376
2025-09-29T20:30:00+00:00,200.27079341665376
2025-09-29T20:35:00+00:00,200.27079341665376
2025-09-29T20:45:00+00:00,200.27079341665376
2025-09-29T20:55:00+00:00,200.27079341665376
2025-09-29T21:05:00+00:00,200.27079341665376
2025-09-29T21:15:00+00:00,200.27079341665376
2025-09-29T21:25:00+00:00,200.27079341665376
2025-09-29T21:35:00+00:00,200.27079341665376
2025-09-29T21:40:00+00:00,200.27079341665376
2025-09-29T21:50:00+00:00,200.27079341665376
2025-09-29T22:00:00+00:00,200.27079341665376
2025-09-29T22:10:00+00:00,200.27079341665376
2025-09-29T22:20:00+00:00,200.27079341665376
2025-09-29T22:30:00+00:00,200.27079341665376
2025-09-29T22:40:00+00:00,200.27079341665376
2025-09-29T22:45:00+00:00,200.27079341665376
2025-09-29T22:55:00+00:00,200.27079341665376
2025-09-29T23:05:00+00:00,200.27079341665376
2025-09-29T23:15:00+00:00,200.27079341665376
2025-09-29T23:25:00+00:00,200.27079341665376
2025-09-29T23:35:00+00:00,200.27079341665376
2025-09-29T23:40:00+00:00,200.27079341665376
2025-09-29T23:50:00+00:00,200.27079341665376
2025-09-30T00:15:00+00:00,200.27079341665376
2025-09-30T00:40:00+00:00,200.27079341665376
2025-09-30T01:15:00+00:00,200.27079341665376
2025-09-30T01:55:00+00:00,200.27079341665376
2025-09-30T02:30:00+00:00,200.27079341665376
2025-09-30T02:55:00+00:00,200.27079341665376
2025-09-30T03:15:00+00:00,200.27079341665376
2025-09-30T03:30:00+00:00,200.27079341665376
2025-09-30T03:40:00+00:00,200.27079341665376
2025-09-30T03:50:00+00:00,200.27079341665376
2025-09-30T04:00:00+00:00,200.27079341665376
2025-09-30T04:15:00+00:00,200.27079341665376
2025-09-30T04:30:00+00:00,200.27079341665376
2025-09-30T04:40:00+00:00,200.27079341665376
2025-09-30T04:45:00+00:00,200.27079341665376
2025-09-30T04:55:00+00:00,200.27079341665376
2025-09-30T05:05:00+00:00,200.27079341665376
2025-09-30T05:20:00+00:00,200.27079341665376
2025-09-30T05:30:00+00:00,200.27079341665376
2025-09-30T05:40:00+00:00,200.27079341665376
2025-09-30T05:45:00+00:00,200.27079341665376
2025-09-30T05:55:00+00:00,200.27079341665376
2025-09-30T06:10:00+00:00,200.27079341665376
2025-09-30T06:25:00+00:00,200.27079341665376
2025-09-30T06:40:00+00:00,200.27079341665376
2025-09-30T06:50:00+00:00,200.27079341665376
2025-09-30T07:00:00+00:00,200.27079341665376
2025-09-30T07:15:00+00:00,200.27079341665376
2025-09-30T07:25:00+00:00,200.27079341665376
2025-09-30T07:35:00+00:00,200.27079341665376
2025-09-30T07:40:00+00:00,200.27079341665376
2025-09-30T07:50:00+00:00,200.27079341665376
2025-09-30T08:05:00+00:00,200.27079341665376
2025-09-30T08:20:00+00:00,199.96657526239284
2025-09-30T08:35:00+00:00,199.96657526239284
2025-09-30T08:45:00+00:00,199.96657526239284
2025-09-30T08:55:00+00:00,199.96657526239284
2025-09-30T09:10:00+00:00,199.96657526239284
2025-09-30T09:20:00+00:00,199.96657526239284
2025-09-30T09:30:00+00:00,199.96657526239284
2025-09-30T09:40:00+00:00,199.96657526239284
2025-09-30T09:50:00+00:00,199.96657526239284
2025-09-30T10:00:00+00:00,199.96657526239284
2025-09-30T10:10:00+00:00,199.96657526239284
2025-09-30T10:25:00+00:00,199.96657526239284
2025-09-30T10:35:00+00:00,199.96657526239284
2025-09-30T10:45:00+00:00,199.96657526239284
2025-09-30T10:50:00+00:00,199.96657526239284
2025-09-30T11:05:00+00:00,199.96657526239284
2025-09-30T11:15:00+00:00,199.96657526239284
2025-09-30T11:25:00+00:00,199.96657526239284
2025-09-30T11:30:00+00:00,199.96657526239284
2025-09-30T11:40:00+00:00,199.96657526239284
2025-09-30T11:50:00+00:00,199.96657526239284
2025-09-30T12:00:00+00:00,199.96657526239284
2025-09-30T12:15:00+00:00,199.96657526239284
2025-09-30T12:35:00+00:00,199.96657526239284
2025-09-30T12:55:00+00:00,199.96657526239284
2025-09-30T13:15:00+00:00,199.96657526239284
2025-09-30T13:30:00+00:00,199.96657526239284
2025-09-30T13:40:00+00:00,199.96657526239284
2025-09-30T13:50:00+00:00,199.96657526239284
2025-09-30T14:00:00+00:00,199.96657526239284
2025-09-30T14:10:00+00:00,199.96657526239284
2025-09-30T14:25:00+00:00,199.96657526239284
2025-09-30T14:35:00+00:00,199.96657526239284
2025-09-30T14:45:00+00:00,199.96657526239284
2025-09-30T14:50:00+00:00,199.96657526239284
2025-09-30T15:00:00+00:00,199.96657526239284
2025-09-30T15:15:00+00:00,199.96657526239284
2025-09-30T15:25:00+00:00,199.96657526239284
2025-09-30T15:35:00+00:00,199.96657526239284
2025-09-30T15:40:00+00:00,199.96657526239284
2025-09-30T15:50:00+00:00,199.96657526239284
2025-09-30T16:05:00+00:00,199.96657526239284
2025-09-30T16:20:00+00:00,199.96657526239284
2025-09-30T16:30:00+00:00,199.96657526239284
2025-09-30T16:40:00+00:00,199.96657526239284
2025-09-30T16:50:00+00:00,199.96657526239284
2025-09-30T17:00:00+00:00,199.96657526239284
2025-09-30T17:15:00+00:00,199.96657526239284
2025-09-30T17:25:00+00:00,199.96657526239284
2025-09-30T17:35:00+00:00,199.96657526239284
2025-09-30T17:40:00+00:00,199.96657526239284
2025-09-30T17:50:00+00:00,199.96657526239284
2025-09-30T18:05:00+00:00,199.96657526239284
2025-09-30T18:20:00+00:00,199.96657526239284
2025-09-30T18:35:00+00:00,199.96657526239284
2025-09-30T18:45:00+00:00,199.96657526239284
2025-09-30T18:50:00+00:00,199.96657526239284
2025-09-30T19:00:00+00:00,199.96657526239284
2025-09-30T19:15:00+00:00,199.96657526239284
2025-09-30T19:20:00+00:00,199.96657526239284
2025-09-30T19:30:00+00:00,199.96657526239284
2025-09-30T19:40:00+00:00,199.96657526239284
2025-09-30T19:45:00+00:00,199.96657526239284
2025-09-30T19:55:00+00:00,200.54201298114867
2025-09-30T20:05:00+00:00,200.54201298114867
2025-09-30T20:20:00+00:00,200.54201298114867
2025-09-30T20:30:00+00:00,200.54201298114867
2025-09-30T20:40:00+00:00,200.54201298114867
2025-09-30T20:45:00+00:00,200.54201298114867
2025-09-30T20:55:00+00:00,200.54201298114867
2025-09-30T21:10:00+00:00,200.54201298114867
2025-09-30T21:20:00+00:00,200.54201298114867
2025-09-30T21:30:00+00:00,200.54201298114867
2025-09-30T21:35:00+00:00,200.54201298114867
2025-09-30T21:45:00+00:00,200.54201298114867
2025-09-30T21:50:00+00:00,200.54201298114867
2025-09-30T22:00:00+00:00,200.54201298114867
2025-09-30T22:15:00+00:00,200.54201298114867
2025-09-30T22:25:00+00:00,200.54201298114867
2025-09-30T22:35:00+00:00,200.54201298114867
2025-09-30T22:45:00+00:00,200.54201298114867
2025-09-30T22:50:00+00:00,200.54201298114867
2025-09-30T23:00:00+00:00,200.54201298114867
2025-09-30T23:15:00+00:00,200.54201298114867
2025-09-30T23:20:00+00:00,200.54201298114867
2025-09-30T23:30:00+00:00,200.54201298114867
2025-09-30T23:40:00+00:00,200.54201298114867
2025-09-30T23:45:00+00:00,200.54201298114867
2025-10-01T00:05:00+00:00,200.54201298114867
2025-10-01T00:35:00+00:00,200.54201298114867
2025-10-01T01:05:00+00:00,200.54201298114867
2025-10-01T01:50:00+00:00,200.54201298114867
2025-10-01T02:30:00+00:00,200.54201298114867
2025-10-01T03:00:00+00:00,200.54201298114867
2025-10-01T03:25:00+00:00,200.54201298114867
2025-10-01T03:45:00+00:00,200.54201298114867
2025-10-01T03:50:00+00:00,200.54201298114867
2025-10-01T04:05:00+00:00,200.54201298114867
2025-10-01T04:20:00+00:00,200.54201298114867
2025-10-01T04:30:00+00:00,200.54201298114867
2025-10-01T04:40:00+00:00,200.54201298114867
2025-10-01T04:45:00+00:00,200.54201298114867
2025-10-01T04:55:00+00:00,200.54201298114867
2025-10-01T05:10:00+00:00,200.54201298114867
2025-10-01T05:25:00+00:00,200.54201298114867
2025-10-01T05:30:00+00:00,200.54201298114867
2025-10-01T05:40:00+00:00,200.54201298114867
2025-10-01T05:50:00+00:00,200.54201298114867
2025-10-01T06:00:00+00:00,200.54201298114867
2025-10-01T06:15:00+00:00,200.54201298114867
2025-10-01T06:30:00+00:00,200.54201298114867
2025-10-01T06:45:00+00:00,200.54201298114867
2025-10-01T06:50:00+00:00,200.54201298114867
2025-10-01T07:00:00+00:00,200.54201298114867
2025-10-01T07:15:00+00:00,200.54201298114867
2025-10-01T07:25:00+00:00,200.54201298114867
2025-10-01T07:35:00+00:00,200.54201298114867
2025-10-01T07:45:00+00:00,200.54201298114867
2025-10-01T07:50:00+00:00,200.54201298114867
2025-10-01T08:05:00+00:00,200.54201298114867
2025-10-01T08:20:00+00:00,200.54201298114867
2025-10-01T08:35:00+00:00,201.11893691755867
2025-10-01T08:45:00+00:00,201.11893691755867
2025-10-01T08:55:00+00:00,201.11893691755867
2025-10-01T09:05:00+00:00,201.11893691755867
2025-10-01T09:20:00+00:00,201.11893691755867
2025-10-01T09:30:00+00:00,201.11893691755867
2025-10-01T09:40:00+00:00,201.69759551486692
2025-10-01T09:45:00+00:00,201.69759551486692
2025-10-01T09:55:00+00:00,201.69759551486692
2025-10-01T10:10:00+00:00,201.69759551486692
2025-10-01T10:25:00+00:00,201.69759551486692
2025-10-01T10:35:00+00:00,201.69759551486692
2025-10-01T10:45:00+00:00,201.69759551486692
2025-10-01T10:50:00+00:00,201.69759551486692
2025-10-01T11:05:00+00:00,201.69759551486692
2025-10-01T11:15:00+00:00,201.69759551486692
2025-10-01T11:25:00+00:00,201.69759551486692
2025-10-01T11:30:00+00:00,201.69759551486692
2025-10-01T11:40:00+00:00,201.69759551486692
2025-10-01T11:45:00+00:00,201.69759551486692
2025-10-01T12:00:00+00:00,201.69759551486692
2025-10-01T12:15:00+00:00,201.69759551486692
2025-10-01T12:35:00+00:00,201.69759551486692
2025-10-01T12:55:00+00:00,201.69759551486692
2025-10-01T13:15:00+00:00,201.69759551486692
2025-10-01T13:30:00+00:00,201.69759551486692
2025-10-01T13:40:00+00:00,201.69759551486692
2025-10-01T13:50:00+00:00,201.69759551486692
2025-10-01T14:00:00+00:00,201.69759551486692
2025-10-01T14:15:00+00:00,202.27793420829045
2025-10-01T14:25:00+00:00,202.27793420829045
2025-10-01T14:35:00+00:00,202.27793420829045
2025-10-01T14:45:00+00:00,202.27793420829045
2025-10-01T14:55:00+00:00,202.27793420829045
2025-10-01T15:05:00+00:00,202.27793420829045
2025-10-01T15:20:00+00:00,202.27793420829045
2025-10-01T15:30:00+00:00,202.27793420829045
2025-10-01T15:40:00+00:00,202.27793420829045
2025-10-01T15:45:00+00:00,202.27793420829045
2025-10-01T15:55:00+00:00,202.27793420829045
2025-10-01T16:10:00+00:00,202.27793420829045
2025-10-01T16:25:00+00:00,202.27793420829045
2025-10-01T16:35:00+00:00,202.27793420829045
2025-10-01T16:45:00+00:00,202.27793420829045
2025-10-01T16:55:00+00:00,202.27793420829045
2025-10-01T17:05:00+00:00,202.27793420829045
2025-10-01T17:20:00+00:00,202.27793420829045
2025-10-01T17:30:00+00:00,202.27793420829045
2025-10-01T17:35:00+00:00,202.27793420829045
2025-10-01T17:45:00+00:00,201.97069306106334
2025-10-01T17:50:00+00:00,201.97069306106334
2025-10-01T18:05:00+00:00,201.97069306106334
2025-10-01T18:20:00+00:00,201.97069306106334
2025-10-01T18:35:00+00:00,201.97069306106334
2025-10-01T18:45:00+00:00,201.97069306106334
2025-10-01T18:55:00+00:00,201.97069306106334
2025-10-01T19:05:00+00:00,201.97069306106334
2025-10-01T19:15:00+00:00,201.97069306106334
2025-10-01T19:20:00+00:00,201.97069306106334
2025-10-01T19:30:00+00:00,201.97069306106334
2025-10-01T19:40:00+00:00,201.97069306106334
2025-10-01T19:50:00+00:00,201.97069306106334
2025-10-01T20:00:00+00:00,201.97069306106334
2025-10-01T20:15:00+00:00,201.97069306106334
2025-10-01T20:25:00+00:00,201.97069306106334
2025-10-01T20:35:00+00:00,201.97069306106334
2025-10-01T20:45:00+00:00,201.97069306106334
2025-10-01T20:50:00+00:00,201.97069306106334
2025-10-01T21:00:00+00:00,201.97069306106334
2025-10-01T21:15:00+00:00,201.97069306106334
2025-10-01T21:25:00+00:00,201.97069306106334
2025-10-01T21:30:00+00:00,201.97069306106334
2025-10-01T21:40:00+00:00,201.97069306106334
2025-10-01T21:50:00+00:00,201.97069306106334
2025-10-01T22:00:00+00:00,201.97069306106334
2025-10-01T22:10:00+00:00,201.97069306106334
2025-10-01T22:20:00+00:00,201.97069306106334
2025-10-01T22:30:00+00:00,201.97069306106334
2025-10-01T22:40:00+00:00,201.97069306106334
2025-10-01T22:45:00+00:00,201.97069306106334
2025-10-01T22:55:00+00:00,201.97069306106334
2025-10-01T23:10:00+00:00,201.97069306106334
2025-10-01T23:20:00+00:00,202.55171715495405
2025-10-01T23:30:00+00:00,202.55171715495405
2025-10-01T23:35:00+00:00,202.55171715495405
2025-10-01T23:45:00+00:00,202.55171715495405
2025-10-01T23:50:00+00:00,202.55171715495405
2025-10-02T00:25:00+00:00,202.55171715495405
2025-10-02T00:50:00+00:00,202.55171715495405
2025-10-02T01:30:00+00:00,202.55171715495405
2025-10-02T02:05:00+00:00,202.55171715495405
2025-10-02T02:35:00+00:00,202.55171715495405
2025-10-02T03:00:00+00:00,202.55171715495405
2025-10-02T03:15:00+00:00,202.55171715495405
2025-10-02T03:30:00+00:00,202.55171715495405
2025-10-02T03:40:00+00:00,202.55171715495405
2025-10-02T03:50:00+00:00,202.55171715495405
2025-10-02T04:00:00+00:00,202.55171715495405
2025-10-02T04:10:00+00:00,202.55171715495405
2025-10-02T04:25:00+00:00,202.55171715495405
2025-10-02T04:35:00+00:00,202.55171715495405
2025-10-02T04:40:00+00:00,202.55171715495405
2025-10-02T04:50:00+00:00,202.55171715495405
2025-10-02T05:00:00+00:00,202.55171715495405
2025-10-02T05:15:00+00:00,202.55171715495405
2025-10-02T05:25:00+00:00,202.55171715495405
2025-10-02T05:35:00+00:00,202.55171715495405
2025-10-02T05:40:00+00:00,202.243983013266
2025-10-02T05:50:00+00:00,202.243983013266
2025-10-02T06:05:00+00:00,202.243983013266
2025-10-02T06:20:00+00:00,202.243983013266
2025-10-02T06:35:00+00:00,202.243983013266
2025-10-02T06:45:00+00:00,202.243983013266
2025-10-02T06:55:00+00:00,202.243983013266
2025-10-02T07:05:00+00:00,202.243983013266
2025-10-02T07:15:00+00:00,202.243983013266
2025-10-02T07:25:00+00:00,202.243983013266
2025-10-02T07:35:00+00:00,202.243983013266
2025-10-02T07:40:00+00:00,202.243983013266
2025-10-02T07:50:00+00:00,202.243983013266
2025-10-02T08:00:00+00:00,202.243983013266
2025-10-02T08:15:00+00:00,202.243983013266
2025-10-02T08:30:00+00:00,202.243983013266
2025-10-02T08:40:00+00:00,202.243983013266
2025-10-02T08:50:00+00:00,202.243983013266
2025-10-02T09:00:00+00:00,202.243983013266
2025-10-02T09:10:00+00:00,202.243983013266
2025-10-02T09:20:00+00:00,202.243983013266
2025-10-02T09:30:00+00:00,202.243983013266
2025-10-02T09:40:00+00:00,202.243983013266
2025-10-02T09:50:00+00:00,202.243983013266
2025-10-02T10:00:00+00:00,202.243983013266
2025-10-02T10:10:00+00:00,202.243983013266
2025-10-02T10:25:00+00:00,202.243983013266
2025-10-02T10:35:00+00:00,202.243983013266
2025-10-02T10:40:00+00:00,202.243983013266
2025-10-02T10:50:00+00:00,202.243983013266
2025-10-02T11:00:00+00:00,202.243983013266
2025-10-02T11:10:00+00:00,202.243983013266
2025-10-02T11:20:00+00:00,202.243983013266
2025-10-02T11:30:00+00:00,202.243983013266
2025-10-02T11:35:00+00:00,202.243983013266
2025-10-02T11:45:00+00:00,202.243983013266
2025-10-02T11:50:00+00:00,202.243983013266
2025-10-02T12:05:00+00:00,202.243983013266
2025-10-02T12:25:00+00:00,202.243983013266
2025-10-02T12:45:00+00:00,202.243983013266
2025-10-02T13:00:00+00:00,202.243983013266
2025-10-02T13:15:00+00:00,202.243983013266
2025-10-02T13:30:00+00:00,202.243983013266
2025-10-02T13:35:00+00:00,202.243983013266
2025-10-02T13:45:00+00:00,202.8259534001785
2025-10-02T13:55:00+00:00,202.8259534001785
2025-10-02T14:05:00+00:00,202.8259534001785
2025-10-02T14:20:00+00:00,202.8259534001785
2025-10-02T14:30:00+00:00,202.8259534001785
2025-10-02T14:40:00+00:00,202.51794610376976
2025-10-02T14:45:00+00:00,202.51794610376976
2025-10-02T14:55:00+00:00,202.51794610376976
2025-10-02T15:10:00+00:00,202.51794610376976
2025-10-02T15:20:00+00:00,202.51794610376976
2025-10-02T15:30:00+00:00,202.51794610376976
2025-10-02T15:40:00+00:00,202.51794610376976
2025-10-02T15:50:00+00:00,202.51794610376976
2025-10-02T16:00:00+00:00,202.51794610376976
2025-10-02T16:10:00+00:00,202.51794610376976
2025-10-02T16:25:00+00:00,202.51794610376976
2025-10-02T16:40:00+00:00,202.51794610376976
2025-10-02T16:45:00+00:00,202.51794610376976
2025-10-02T16:55:00+00:00,202.51794610376976
2025-10-02T17:05:00+00:00,202.51794610376976
2025-10-02T17:20:00+00:00,202.51794610376976
2025-10-02T17:30:00+00:00,202.51794610376976
2025-10-02T17:35:00+00:00,202.51794610376976
2025-10-02T17:45:00+00:00,202.51794610376976
2025-10-02T17:50:00+00:00,202.51794610376976
2025-10-02T18:05:00+00:00,202.51794610376976
2025-10-02T18:20:00+00:00,202.51794610376976
2025-10-02T18:35:00+00:00,202.51794610376976
2025-10-02T18:40:00+00:00,202.51794610376976
2025-10-02T18:50:00+00:00,202.51794610376976
2025-10-02T19:00:00+00:00,203.1007025561445
2025-10-02T19:10:00+00:00,203.1007025561445
2025-10-02T19:20:00+00:00,203.1007025561445
2025-10-02T19:30:00+00:00,203.1007025561445
2025-10-02T19:35:00+00:00,203.1007025561445
2025-10-02T19:45:00+00:00,203.1007025561445
2025-10-02T19:50:00+00:00,202.79219334348383
2025-10-02T20:00:00+00:00,202.79219334348383
2025-10-02T20:15:00+00:00,202.79219334348383
2025-10-02T20:25:00+00:00,202.79219334348383
2025-10-02T20:35:00+00:00,202.79219334348383
2025-10-02T20:45:00+00:00,202.79219334348383
2025-10-02T20:50:00+00:00,202.79219334348383
2025-10-02T21:00:00+00:00,202.79219334348383
2025-10-02T21:15:00+00:00,202.79219334348383
2025-10-02T21:20:00+00:00,202.79219334348383
2025-10-02T21:35:00+00:00,202.79219334348383
2025-10-02T21:40:00+00:00,202.79219334348383
2025-10-02T21:50:00+00:00,202.79219334348383
2025-10-02T22:00:00+00:00,202.79219334348383
2025-10-02T22:10:00+00:00,202.79219334348383
2025-10-02T22:25:00+00:00,202.79219334348383
2025-10-02T22:30:00+00:00,202.79219334348383
2025-10-02T22:40:00+00:00,202.79219334348383
2025-10-02T22:50:00+00:00,202.79219334348383
2025-10-02T23:00:00+00:00,202.79219334348383
2025-10-02T23:10:00+00:00,202.79219334348383
2025-10-02T23:20:00+00:00,202.79219334348383
2025-10-02T23:30:00+00:00,202.79219334348383
2025-10-02T23:35:00+00:00,202.79219334348383
2025-10-02T23:45:00+00:00,202.79219334348383
2025-10-02T23:50:00+00:00,202.79219334348383
2025-10-03T00:25:00+00:00,202.79219334348383
2025-10-03T00:55:00+00:00,202.79219334348383
2025-10-03T01:30:00+00:00,202.79219334348383
2025-10-03T02:05:00+00:00,202.48415331180126
2025-10-03T02:35:00+00:00,202.48415331180126
2025-10-03T03:00:00+00:00,202.48415331180126
2025-10-03T03:15:00+00:00,202.48415331180126
2025-10-03T03:30:00+00:00,202.48415331180126
2025-10-03T03:40:00+00:00,202.48415331180126
2025-10-03T03:45:00+00:00,202.48415331180126
2025-10-03T04:00:00+00:00,202.48415331180126
2025-10-03T04:10:00+00:00,202.48415331180126
2025-10-03T04:25:00+00:00,202.48415331180126
2025-10-03T04:35:00+00:00,202.48415331180126
2025-10-03T04:40:00+00:00,202.48415331180126
2025-10-03T04:50:00+00:00,202.48415331180126
2025-10-03T05:00:00+00:00,202.48415331180126
2025-10-03T05:15:00+00:00,202.48415331180126
2025-10-03T05:25:00+00:00,202.48415331180126
2025-10-03T05:35:00+00:00,202.1765884050801
2025-10-03T05:40:00+00:00,202.1765884050801
2025-10-03T05:50:00+00:00,202.1765884050801
2025-10-03T06:05:00+00:00,202.1765884050801
2025-10-03T06:20:00+00:00,202.1765884050801
2025-10-03T06:35:00+00:00,202.1765884050801
2025-10-03T06:45:00+00:00,202.1765884050801
2025-10-03T06:50:00+00:00,202.1765884050801
2025-10-03T07:00:00+00:00,202.1765884050801
2025-10-03T07:15:00+00:00,202.1765884050801
2025-10-03T07:25:00+00:00,202.1765884050801
2025-10-03T07:35:00+00:00,202.1765884050801
2025-10-03T07:40:00+00:00,202.1765884050801
2025-10-03T07:50:00+00:00,202.1765884050801
2025-10-03T08:00:00+00:00,202.1765884050801
2025-10-03T08:15:00+00:00,202.1765884050801
2025-10-03T08:25:00+00:00,202.1765884050801
2025-10-03T08:40:00+00:00,202.1765884050801
2025-10-03T08:45:00+00:00,202.1765884050801
2025-10-03T08:55:00+00:00,202.1765884050801
2025-10-03T09:10:00+00:00,202.1765884050801
2025-10-03T09:20:00+00:00,202.1765884050801
2025-10-03T09:30:00+00:00,202.1765884050801
2025-10-03T09:35:00+00:00,202.1765884050801
2025-10-03T09:45:00+00:00,202.1765884050801
2025-10-03T09:55:00+00:00,202.1765884050801
2025-10-03T10:05:00+00:00,202.1765884050801
2025-10-03T10:15:00+00:00,202.1765884050801
2025-10-03T10:30:00+00:00,202.1765884050801
2025-10-03T10:35:00+00:00,202.1765884050801
2025-10-03T10:45:00+00:00,202.1765884050801
2025-10-03T10:55:00+00:00,202.1765884050801
2025-10-03T11:05:00+00:00,202.1765884050801
2025-10-03T11:15:00+00:00,202.1765884050801
2025-10-03T11:25:00+00:00,202.1765884050801
2025-10-03T11:30:00+00:00,202.1765884050801
2025-10-03T11:40:00+00:00,202.1765884050801
2025-10-03T11:45:00+00:00,202.1765884050801
2025-10-03T12:00:00+00:00,202.1765884050801
2025-10-03T12:15:00+00:00,202.1765884050801
2025-10-03T12:35:00+00:00,202.1765884050801
2025-10-03T12:50:00+00:00,202.1765884050801
2025-10-03T13:05:00+00:00,202.1765884050801
2025-10-03T13:20:00+00:00,202.1765884050801
2025-10-03T13:35:00+00:00,202.1765884050801
2025-10-03T13:40:00+00:00,202.1765884050801
2025-10-03T13:50:00+00:00,202.1765884050801
2025-10-03T14:00:00+00:00,202.1765884050801
2025-10-03T14:10:00+00:00,202.1765884050801
2025-10-03T14:25:00+00:00,202.1765884050801
2025-10-03T14:35:00+00:00,202.1765884050801
2025-10-03T14:40:00+00:00,202.1765884050801
2025-10-03T14:50:00+00:00,202.7583497152933
2025-10-03T15:00:00+00:00,202.7583497152933
2025-10-03T15:15:00+00:00,202.7583497152933
2025-10-03T15:25:00+00:00,202.7583497152933
2025-10-03T15:35:00+00:00,202.7583497152933
2025-10-03T15:40:00+00:00,202.7583497152933
2025-10-03T15:50:00+00:00,203.34169704487127
2025-10-03T16:00:00+00:00,203.34169704487127
2025-10-03T16:15:00+00:00,203.92676701542388
2025-10-03T16:30:00+00:00,203.92676701542388
2025-10-03T16:40:00+00:00,203.92676701542388
2025-10-03T16:45:00+00:00,203.61715585529768
2025-10-03T16:55:00+00:00,203.61715585529768
2025-10-03T17:10:00+00:00,203.61715585529768
2025-10-03T17:20:00+00:00,203.61715585529768
2025-10-03T17:30:00+00:00,203.61715585529768
2025-10-03T17:35:00+00:00,203.61715585529768
2025-10-03T17:45:00+00:00,203.61715585529768
2025-10-03T17:50:00+00:00,203.61715585529768
2025-10-03T18:05:00+00:00,203.61715585529768
2025-10-03T18:20:00+00:00,203.61715585529768
2025-10-03T18:35:00+00:00,203.61715585529768
2025-10-03T18:45:00+00:00,203.61715585529768
2025-10-03T18:50:00+00:00,203.61715585529768
2025-10-03T19:00:00+00:00,203.61715585529768
2025-10-03T19:10:00+00:00,203.61715585529768
2025-10-03T19:20:00+00:00,203.61715585529768
2025-10-03T19:30:00+00:00,203.61715585529768
2025-10-03T19:35:00+00:00,203.61715585529768
2025-10-03T19:45:00+00:00,203.61715585529768
2025-10-03T19:50:00+00:00,203.61715585529768
2025-10-03T20:05:00+00:00,203.30789747655857
2025-10-03T20:20:00+00:00,203.30789747655857
2025-10-03T20:30:00+00:00,203.30789747655857
2025-10-03T20:35:00+00:00,203.30789747655857
2025-10-03T20:45:00+00:00,203.30789747655857
2025-10-03T20:50:00+00:00,203.30789747655857
2025-10-03T21:05:00+00:00,203.30789747655857
2025-10-03T21:15:00+00:00,203.30789747655857
2025-10-03T21:25:00+00:00,203.30789747655857
2025-10-03T21:30:00+00:00,203.30789747655857
2025-10-03T21:40:00+00:00,203.30789747655857
2025-10-03T21:45:00+00:00,203.30789747655857
2025-10-03T21:55:00+00:00,203.30789747655857
2025-10-03T22:10:00+00:00,203.30789747655857
2025-10-03T22:20:00+00:00,203.30789747655857
2025-10-03T22:30:00+00:00,203.30789747655857
2025-10-03T22:35:00+00:00,203.30789747655857
2025-10-03T22:45:00+00:00,203.30789747655857
2025-10-03T22:55:00+00:00,203.30789747655857
2025-10-03T23:05:00+00:00,203.30789747655857
2025-10-03T23:15:00+00:00,203.30789747655857
2025-10-03T23:25:00+00:00,203.30789747655857
2025-10-03T23:30:00+00:00,203.30789747655857
2025-10-03T23:40:00+00:00,203.30789747655857
2025-10-03T23:45:00+00:00,203.30789747655857
2025-10-04T00:05:00+00:00,203.30789747655857
2025-10-04T00:25:00+00:00,203.30789747655857
2025-10-04T00:55:00+00:00,202.99913094910144
2025-10-04T01:35:00+00:00,202.99913094910144
2025-10-04T02:05:00+00:00,202.99913094910144
2025-10-04T02:35:00+00:00,202.99913094910144
2025-10-04T02:55:00+00:00,202.99913094910144
2025-10-04T03:10:00+00:00,202.99913094910144
2025-10-04T03:25:00+00:00,202.99913094910144
2025-10-04T03:35:00+00:00,202.99913094910144
2025-10-04T03:40:00+00:00,202.99913094910144
2025-10-04T03:50:00+00:00,202.99913094910144
2025-10-04T04:00:00+00:00,202.99913094910144
2025-10-04T04:15:00+00:00,202.99913094910144
2025-10-04T04:25:00+00:00,202.99913094910144
2025-10-04T04:35:00+00:00,202.99913094910144
2025-10-04T04:45:00+00:00,202.99913094910144
2025-10-04T04:50:00+00:00,202.99913094910144
2025-10-04T05:00:00+00:00,202.99913094910144
2025-10-04T05:15:00+00:00,202.99913094910144
2025-10-04T05:25:00+00:00,202.99913094910144
2025-10-04T05:35:00+00:00,202.99913094910144
2025-10-04T05:40:00+00:00,202.99913094910144
2025-10-04T05:50:00+00:00,202.99913094910144
2025-10-04T06:00:00+00:00,202.99913094910144
2025-10-04T06:15:00+00:00,202.99913094910144
2025-10-04T06:30:00+00:00,202.99913094910144
2025-10-04T06:40:00+00:00,202.99913094910144
2025-10-04T06:45:00+00:00,202.99913094910144
2025-10-04T06:55:00+00:00,202.99913094910144
2025-10-04T07:10:00+00:00,202.99913094910144
2025-10-04T07:20:00+00:00,202.99913094910144
2025-10-04T07:25:00+00:00,202.99913094910144
2025-10-04T07:35:00+00:00,202.99913094910144
2025-10-04T07:40:00+00:00,202.99913094910144
2025-10-04T07:50:00+00:00,202.99913094910144
2025-10-04T08:00:00+00:00,202.99913094910144
2025-10-04T08:15:00+00:00,202.99913094910144
2025-10-04T08:25:00+00:00,202.99913094910144
2025-10-04T08:35:00+00:00,202.99913094910144
2025-10-04T08:45:00+00:00,202.99913094910144
2025-10-04T08:50:00+00:00,202.99913094910144
2025-10-04T09:05:00+00:00,202.99913094910144
2025-10-04T09:15:00+00:00,202.99913094910144
2025-10-04T09:25:00+00:00,202.99913094910144
2025-10-04T09:30:00+00:00,202.99913094910144
2025-10-04T09:40:00+00:00,202.99913094910144
2025-10-04T09:45:00+00:00,202.99913094910144
2025-10-04T09:55:00+00:00,202.99913094910144
2025-10-04T10:10:00+00:00,202.99913094910144
2025-10-04T10:20:00+00:00,202.99913094910144
2025-10-04T10:30:00+00:00,202.99913094910144
2025-10-04T10:40:00+00:00,202.99913094910144
2025-10-04T10:45:00+00:00,202.99913094910144
2025-10-04T10:55:00+00:00,202.99913094910144
2025-10-04T11:05:00+00:00,202.99913094910144
2025-10-04T11:15:00+00:00,202.99913094910144
2025-10-04T11:20:00+00:00,202.99913094910144
2025-10-04T11:30:00+00:00,202.99913094910144
2025-10-04T11:40:00+00:00,202.99913094910144
2025-10-04T11:45:00+00:00,202.99913094910144
2025-10-04T11:55:00+00:00,202.99913094910144
2025-10-04T12:10:00+00:00,202.99913094910144
2025-10-04T12:25:00+00:00,202.99913094910144
2025-10-04T12:45:00+00:00,202.99913094910144
2025-10-04T12:55:00+00:00,202.99913094910144
2025-10-04T13:10:00+00:00,202.99913094910144
2025-10-04T13:20:00+00:00,202.99913094910144
2025-10-04T13:30:00+00:00,202.99913094910144
2025-10-04T13:40:00+00:00,202.99913094910144
2025-10-04T13:45:00+00:00,202.99913094910144
2025-10-04T13:55:00+00:00,202.99913094910144
2025-10-04T14:05:00+00:00,202.99913094910144
2025-10-04T14:15:00+00:00,202.99913094910144
2025-10-04T14:25:00+00:00,202.99913094910144
2025-10-04T14:35:00+00:00,202.99913094910144
2025-10-04T14:40:00+00:00,202.99913094910144
2025-10-04T14:50:00+00:00,202.99913094910144
2025-10-04T15:00:00+00:00,202.99913094910144
2025-10-04T15:10:00+00:00,202.99913094910144
2025-10-04T15:20:00+00:00,202.99913094910144
2025-10-04T15:30:00+00:00,202.99913094910144
2025-10-04T15:35:00+00:00,202.99913094910144
2025-10-04T15:45:00+00:00,202.99913094910144
2025-10-04T15:55:00+00:00,202.99913094910144
2025-10-04T16:05:00+00:00,202.99913094910144
2025-10-04T16:20:00+00:00,202.69076904705537
2025-10-04T16:30:00+00:00,202.69076904705537
2025-10-04T16:40:00+00:00,202.69076904705537
2025-10-04T16:45:00+00:00,202.69076904705537
2025-10-04T16:55:00+00:00,202.69076904705537
2025-10-04T17:05:00+00:00,202.69076904705537
2025-10-04T17:15:00+00:00,202.69076904705537
2025-10-04T17:25:00+00:00,202.69076904705537
2025-10-04T17:35:00+00:00,202.69076904705537
2025-10-04T17:40:00+00:00,202.69076904705537
2025-10-04T17:50:00+00:00,202.69076904705537
2025-10-04T18:00:00+00:00,202.69076904705537
2025-10-04T18:15:00+00:00,202.69076904705537
2025-10-04T18:30:00+00:00,202.69076904705537
2025-10-04T18:40:00+00:00,202.69076904705537
2025-10-04T18:45:00+00:00,202.69076904705537
2025-10-04T18:55:00+00:00,202.69076904705537
2025-10-04T19:05:00+00:00,202.69076904705537
2025-10-04T19:15:00+00:00,202.69076904705537
2025-10-04T19:20:00+00:00,202.69076904705537
2025-10-04T19:30:00+00:00,202.69076904705537
2025-10-04T19:40:00+00:00,202.69076904705537
2025-10-04T19:45:00+00:00,202.69076904705537
2025-10-04T19:55:00+00:00,202.69076904705537
2025-10-04T20:05:00+00:00,202.69076904705537
2025-10-04T20:20:00+00:00,202.69076904705537
2025-10-04T20:30:00+00:00,202.69076904705537
2025-10-04T20:35:00+00:00,202.69076904705537
2025-10-04T20:45:00+00:00,202.69076904705537
2025-10-04T20:50:00+00:00,202.69076904705537
2025-10-04T21:00:00+00:00,202.69076904705537
2025-10-04T21:15:00+00:00,202.69076904705537
2025-10-04T21:20:00+00:00,202.69076904705537
2025-10-04T21:30:00+00:00,202.69076904705537
2025-10-04T21:40:00+00:00,202.69076904705537
2025-10-04T21:45:00+00:00,202.69076904705537
2025-10-04T21:55:00+00:00,202.69076904705537
2025-10-04T22:05:00+00:00,202.69076904705537
2025-10-04T22:20:00+00:00,202.69076904705537
2025-10-04T22:25:00+00:00,202.69076904705537
2025-10-04T22:35:00+00:00,202.69076904705537
2025-10-04T22:45:00+00:00,202.69076904705537
2025-10-04T22:50:00+00:00,202.69076904705537
2025-10-04T23:00:00+00:00,202.69076904705537
2025-10-04T23:15:00+00:00,202.69076904705537
2025-10-04T23:20:00+00:00,202.69076904705537
2025-10-04T23:30:00+00:00,202.69076904705537
